<?xml version="1.0" encoding="utf-8" ?>
<dwsync>
<file name="640x480.jpg" server="sw-resource.com:2200/public_html/" local="126711894740000000" remote="130613222150000000" Dst="1" />
<file name="7inX95in.jpg" server="sw-resource.com:2200/public_html/" local="126711894740000000" remote="130613222150000000" Dst="1" />
<file name="arch.jpg" server="sw-resource.com:2200/public_html/" local="127405140380000000" remote="130613222160000000" Dst="1" />
<file name="barbaraS.jpg" server="sw-resource.com:2200/public_html/" local="127615329240000000" remote="130613222160000000" Dst="1" />
<file name="beach.jpg" server="sw-resource.com:2200/public_html/" local="127338000520000000" remote="130613222160000000" Dst="1" />
<file name="blue-mark.jpg" server="sw-resource.com:2200/public_html/" local="129700400980000000" remote="130613222160000000" Dst="1" />
<file name="blueMotorcycle.jpg" server="sw-resource.com:2200/public_html/" local="127370791360000000" remote="130613222160000000" Dst="1" />
<file name="butterfly1.jpg" server="sw-resource.com:2200/public_html/" local="127378495900000000" remote="130613222160000000" Dst="1" />
<file name="caterpillar.jpg" server="sw-resource.com:2200/public_html/" local="127365666280000000" remote="130613222160000000" Dst="1" />
<file name="CumberlandIsland.jpg" server="sw-resource.com:2200/public_html/" local="128801763940000000" remote="130613222170000000" Dst="1" />
<file name="femaleLionAndHall.jpg" server="sw-resource.com:2200/public_html/" local="129699355460000000" remote="130613222170000000" Dst="1" />
<file name="flower1.jpg" server="sw-resource.com:2200/public_html/" local="127338040620000000" remote="130613222170000000" Dst="1" />
<file name="flower2.jpg" server="sw-resource.com:2200/public_html/" local="127338041780000000" remote="130613222170000000" Dst="1" />
<file name="gorge.jpg" server="sw-resource.com:2200/public_html/" local="127335463220000000" remote="130613222170000000" Dst="1" />
<file name="jenny-red.jpg" server="sw-resource.com:2200/public_html/" local="127035525540000000" remote="130613222170000000" Dst="1" />
<file name="KatieFancy.jpg" server="sw-resource.com:2200/public_html/" local="127210246960000000" remote="130613222170000000" Dst="1" />
<file name="kitten2.jpg" server="sw-resource.com:2200/public_html/" local="127335386660000000" remote="130613222170000000" Dst="1" />
<file name="koala.jpg" server="sw-resource.com:2200/public_html/" local="129699347800000000" remote="130613222180000000" Dst="1" />
<file name="moon-surface.jpg" server="sw-resource.com:2200/public_html/" local="126711894740000000" remote="130613222180000000" Dst="1" />
<file name="msg.jpg" server="sw-resource.com:2200/public_html/" local="128750685440000000" remote="130613222180000000" Dst="1" />
<file name="redMotorcycle.jpg" server="sw-resource.com:2200/public_html/" local="127370791540000000" remote="130613222180000000" Dst="1" />
<file name="robot.jpg" server="sw-resource.com:2200/public_html/" local="127339380140000000" remote="130613222180000000" Dst="1" />
<file name="seagull.jpg" server="sw-resource.com:2200/public_html/" local="129699505180000000" remote="130613222180000000" Dst="1" />
<file name="snowman.jpg" server="sw-resource.com:2200/public_html/" local="128401505280000000" remote="130613222180000000" Dst="1" />
<file name="swan.jpg" server="sw-resource.com:2200/public_html/" local="127335382080000000" remote="130613222190000000" Dst="1" />
<file name="temple.jpg" server="sw-resource.com:2200/public_html/" local="127035530780000000" remote="130613222190000000" Dst="1" />
<file name="thruDoor.jpg" server="sw-resource.com:2200/public_html/" local="129699351940000000" remote="130613222190000000" Dst="1" />
<file name="wall.jpg" server="sw-resource.com:2200/public_html/" local="129699502640000000" remote="130613222190000000" Dst="1" />
<file name="water.jpg" server="sw-resource.com:2200/public_html/" local="127470915220000000" remote="130613222190000000" Dst="1" />
<file name="whiteFlower.jpg" server="sw-resource.com:2200/public_html/" local="129699355780000000" remote="130613222190000000" Dst="1" />
</dwsync>