<?xml version="1.0" encoding="utf-8" ?>
<dwsync>
<file name="ColorChooser.java" server="sw-resource.com:2200/public_html/" local="129847945300000000" remote="130613222090000000" Dst="1" />
<file name="DigitalPicture.java" server="sw-resource.com:2200/public_html/" local="129847939680000000" remote="130613222090000000" Dst="1" />
<file name="FileChooser.java" server="sw-resource.com:2200/public_html/" local="129848698820000000" remote="130613222130000000" Dst="1" />
<file name="ImageDisplay.java" server="sw-resource.com:2200/public_html/" local="129847945920000000" remote="130613222140000000" Dst="1" />
<file name="IntArrayWorker.java" server="sw-resource.com:2200/public_html/" local="129848850420000000" remote="130613222140000000" Dst="1" />
<file name="IntArrayWorkerTester.java" server="sw-resource.com:2200/public_html/" local="129738960860000000" remote="130613222140000000" Dst="1" />
<file name="leftArrow.gif" server="sw-resource.com:2200/public_html/" local="127507853560000000" remote="130613222140000000" Dst="1" />
<file name="Picture.java" server="sw-resource.com:2200/public_html/" local="129848854920000000" remote="130613222140000000" Dst="1" />
<file name="PictureExplorer.java" server="sw-resource.com:2200/public_html/" local="129847949440000000" remote="130613222140000000" Dst="1" />
<file name="PictureFrame.java" server="sw-resource.com:2200/public_html/" local="129738857440000000" remote="130613222140000000" Dst="1" />
<file name="PictureTester.java" server="sw-resource.com:2200/public_html/" local="129739126560000000" remote="130613222140000000" Dst="1" />
<file name="Pixel.java" server="sw-resource.com:2200/public_html/" local="129847944480000000" remote="130613222150000000" Dst="1" />
<file name="rightArrow.gif" server="sw-resource.com:2200/public_html/" local="127507853580000000" remote="130613222150000000" Dst="1" />
<file name="SimplePicture.java" server="sw-resource.com:2200/public_html/" local="130547719520000000" remote="130613222150000000" Dst="1" />
</dwsync>