<?xml version="1.0" encoding="utf-8" ?>
<dwsync>
<file name="allclasses-frame.html" server="sw-resource.com:2200/public_html/" local="129848815560000000" remote="130613222090000000" Dst="1" />
<file name="allclasses-noframe.html" server="sw-resource.com:2200/public_html/" local="129848815560000000" remote="130613222090000000" Dst="1" />
<file name="ColorChooser.html" server="sw-resource.com:2200/public_html/" local="129848815540000000" remote="130613222090000000" Dst="1" />
<file name="constant-values.html" server="sw-resource.com:2200/public_html/" local="129848815560000000" remote="130613222100000000" Dst="1" />
<file name="deprecated-list.html" server="sw-resource.com:2200/public_html/" local="129763482660000000" remote="130613222100000000" Dst="1" />
<file name="DigitalPicture.html" server="sw-resource.com:2200/public_html/" local="129848815540000000" remote="130613222100000000" Dst="1" />
<file name="FileChooser.html" server="sw-resource.com:2200/public_html/" local="129848815540000000" remote="130613222100000000" Dst="1" />
<file name="help-doc.html" server="sw-resource.com:2200/public_html/" local="129848815560000000" remote="130613222100000000" Dst="1" />
<file name="ImageDisplay.html" server="sw-resource.com:2200/public_html/" local="129848815540000000" remote="130613222100000000" Dst="1" />
<file name="index-all.html" server="sw-resource.com:2200/public_html/" local="129848815560000000" remote="130613222100000000" Dst="1" />
<file name="index.html" server="sw-resource.com:2200/public_html/" local="129848815560000000" remote="130613222100000000" Dst="1" />
<file name="IntArrayWorker.html" server="sw-resource.com:2200/public_html/" local="129848815540000000" remote="130613222110000000" Dst="1" />
<file name="IntArrayWorkerTester.html" server="sw-resource.com:2200/public_html/" local="129848815540000000" remote="130613222110000000" Dst="1" />
<file name="overview-tree.html" server="sw-resource.com:2200/public_html/" local="129848815560000000" remote="130613222110000000" Dst="1" />
<file name="package-frame.html" server="sw-resource.com:2200/public_html/" local="129848815560000000" remote="130613222110000000" Dst="1" />
<file name="package-list" server="sw-resource.com:2200/public_html/" local="129848815560000000" remote="130613222110000000" Dst="1" />
<file name="package-summary.html" server="sw-resource.com:2200/public_html/" local="129848815560000000" remote="130613222110000000" Dst="1" />
<file name="package-tree.html" server="sw-resource.com:2200/public_html/" local="129848815560000000" remote="130613222110000000" Dst="1" />
<file name="Picture.html" server="sw-resource.com:2200/public_html/" local="129848815560000000" remote="130613222110000000" Dst="1" />
<file name="PictureExplorer.html" server="sw-resource.com:2200/public_html/" local="129848815560000000" remote="130613222120000000" Dst="1" />
<file name="PictureFrame.html" server="sw-resource.com:2200/public_html/" local="129848815560000000" remote="130613222120000000" Dst="1" />
<file name="PictureTester.html" server="sw-resource.com:2200/public_html/" local="129848815560000000" remote="130613222120000000" Dst="1" />
<file name="Pixel.html" server="sw-resource.com:2200/public_html/" local="129848815560000000" remote="130613222120000000" Dst="1" />
<file name="serialized-form.html" server="sw-resource.com:2200/public_html/" local="129848815560000000" remote="130613222130000000" Dst="1" />
<file name="SimplePicture.html" server="sw-resource.com:2200/public_html/" local="130547719520000000" remote="130613222130000000" Dst="1" />
<file name="stylesheet.css" server="sw-resource.com:2200/public_html/" local="129848815560000000" remote="130613222130000000" Dst="1" />
</dwsync>